;Value-weighted US Dollar returns;;;;;;;;;;;
;Europe;;;;;US;Asia & Australia;;;;;
"Date 
[YYYYMM]";Netherlands;UK;Finland;Italy;Germany;US;Japan;Hong Kong;Australia;Singapore;New Zealand;Risk-free rate in US
197501;24,75;54,9;;15,51;12,53;13,66;5,27;33,26;20,29;48,15;;0,58
197502;8,9;26,7;;10,52;13,47;5,56;14,9;10,18;2,58;23,97;;0,43
197503;-1,02;-7,44;;-3,3;-1,42;2,66;2,13;5,78;-2,97;5,58;;0,41
197504;2,54;15,46;;-1,33;1,78;4,23;0,19;14,87;-1,22;-0,82;;0,44
197505;-4,09;3,46;;-1,47;-5,86;5,19;-0,21;-0,98;10,02;-6,95;;0,44
197506;2,32;-15,25;;-11,69;0,2;4,83;1,4;1,72;-3,18;-9,84;;0,41
197507;-6,05;-4,75;;-11,68;-1,09;-6,59;-5,28;-6,14;-3,94;-7,94;;0,48
197508;-0,22;12,82;;-0,56;-4,67;-2,85;-4,41;-2,24;-2,09;-5;;0,48
197509;-8,63;-1,26;;-4,86;-4,25;-4,26;-6,35;1,12;6,63;-0,73;;0,53
197510;9,22;5,97;;3,93;12,46;5,31;11;4,34;2,96;11,32;;0,56
197511;7,43;-2;;2,92;2,8;2,64;0,9;1,92;7,11;-3,07;;0,41
197512;5,74;4,63;;0,1;1,11;-1,6;1,11;12,7;3,48;6,01;;0,48
197601;7,81;9,71;;-2,98;2,27;12,16;5,61;21,06;2,33;23,64;;0,47
197602;-1,19;-3,07;;-0,53;1,34;0,32;0,94;7,71;1,89;-2,06;;0,34
197603;4,17;-6,23;;-18,4;3,95;2,32;0,1;2,46;-2,3;-8,21;;0,4
197604;0,59;0,44;;-10,95;-5,57;-1,49;0,9;-6,23;2,96;7,18;;0,42
197605;-3,24;-10,19;;7,02;-2,94;-1,34;0,72;-4,67;1,52;-3,93;;0,37
197606;-1,61;0,05;;6,92;1,76;4,05;4,74;2,11;1,32;2,23;;0,43
197607;0,7;-2,68;;4,63;-1,03;-1,07;-1,42;-1,71;10,93;-2,36;;0,47
197608;-1,08;-5,01;;-3,1;0,19;-0,56;3,78;2,94;0,07;3,83;;0,42
197609;-0,72;-10,39;;-8,37;5,34;2,07;0,71;-0,64;-7,81;0,58;;0,44
197610;-0,86;-13,61;;-12,19;-5,99;-2,42;-4,83;-3,98;-5,88;-5,76;;0,41
197611;4,14;9,95;;5,98;5,22;0,36;-0,84;5,63;-20,51;-3,34;;0,4
197612;6,75;22,7;;3,5;2,79;5,65;15,06;14,11;12,43;6,14;;0,4
197701;-0,07;10,29;;-6,45;-1,37;-4,05;-3,13;-2,85;2,51;-0,71;;0,36
197702;3,22;2,49;;-1,56;-1,1;-1,94;5,22;-1,52;-2,6;-0,78;;0,35
197703;2,47;4;;-1,55;3,46;-1,37;-0,75;-2,33;5,98;-1,71;;0,38
197704;9,82;3,18;;-4,2;8,53;0,15;1,55;5,32;-0,5;-2,09;;0,38
197705;-5,22;3,11;;-3,76;-1,75;-1,45;-0,57;-1,65;4,67;0,61;;0,37
197706;0,82;3,43;;5,68;-1,84;4,71;3,63;1,21;0,35;4,5;;0,4
197707;1,81;-1,38;;-7,08;3,77;-1,69;-0,78;-4,21;-5,41;2,98;;0,42
197708;-4,32;12,44;;20,03;0,78;-1,75;5,28;2,58;-4,88;1,94;;0,44
197709;2,48;8,72;;-3,39;2,08;-0,27;0,77;-2,53;-0,08;-2,14;;0,43
197710;1,45;1,97;;-6,62;5,24;-4,38;2,34;0,05;6,83;0,9;;0,49
197711;2,19;-5,21;;-5,07;2,16;4;0,18;1,03;-2,3;2,91;;0,5
197712;2,18;7,34;;-0,93;5,09;0,27;1,04;-2,11;8,72;1,79;;0,49
197801;1,24;-2,53;;7,06;1,18;-6,01;3,9;1,49;-4,28;-0,67;;0,49
197802;3,05;-5,19;;5,69;4,5;-1,38;3,36;2,06;-5,27;0,97;;0,46
197803;3,7;2,64;;4,25;0,65;2,85;12,82;9,05;5,51;9,68;;0,53
197804;-1,71;0,18;;-1,3;-4,8;7,88;-0,17;1,23;6,35;5,28;;0,54
197805;1,53;4,15;;5,71;0,63;1,76;0,01;2,16;4,88;6,03;;0,51
197806;1,83;-0,53;;-8,05;3,25;-1,69;10,36;18,37;0,02;11,84;;0,54
197807;3,42;10,37;;1,61;5,16;5,11;8,42;5,28;6,86;5,04;;0,56
197808;7,98;3,82;;8,48;4,8;3,75;-0,35;15,24;6,24;16,32;;0,56
197809;0,33;1,45;;21,1;5,52;-1,43;2,51;-6,06;3,77;-11,06;;0,62
197810;3,41;2,36;;-1,68;9,47;-11,91;8,01;6,58;-4,04;15,31;;0,68
197811;-8,04;-4,61;;-9,87;-10,73;2,71;-9,45;-26,52;-5,09;-17,82;;0,7
197812;4,94;3,48;;0,79;5,73;0,88;4,27;0,3;6,11;3,69;;0,78
197901;3,58;-0,16;;3,82;-1,2;4,23;-0,47;11,1;3,84;9,58;;0,77
197902;-1,47;8,92;;5,7;-1,93;-3,56;-3,54;-3,91;3,24;-5,55;;0,73
197903;4,3;15,21;;2,02;-1,94;5,68;-3,17;-1,14;1,24;6,38;;0,81
197904;0,38;5,01;;-5,29;-1,45;-0,06;-2,4;-0,39;-2,95;2,97;;0,8
197905;-4,43;-6,03;;3,3;-4,71;-2,21;-0,16;3,43;3,14;4,91;;0,82
197906;6,67;0,38;;2,35;0,93;3,85;0,87;-4,16;-0,95;-3,8;;0,81
197907;1,04;1,23;;5,93;4,6;0,82;-0,33;11,44;3,52;2,21;;0,77
197908;4,57;2,98;;8,95;2,25;5,53;0,51;-1,35;11,69;4,27;;0,77
197909;5,43;1,6;;4,24;5,5;-0,82;1,66;18,42;6,79;5,94;;0,83
197910;-6,32;-11;;-8,57;-8,08;-8,1;-7,89;-2,7;-1,74;-7,89;;0,87
197911;1,63;4,85;;-1,32;5,75;5,21;-3,99;14,37;-2,53;2,23;;0,99
197912;1,71;0,11;;-0,22;-1,12;1,79;5,86;16,55;11,93;6,44;;0,95
198001;1,95;11,57;;9,73;0,49;5,51;1,96;6,41;19,09;12,56;;0,8
198002;-1,69;5,8;;1,26;0,45;-1,22;-3,86;-1,31;2,69;3,64;;0,89
198003;-15,53;-13,87;;-10,57;-15,22;-12,9;-3;-18,21;-17,94;-12,1;;1,21
198004;13,55;8,9;;9,86;11,35;3,97;7,64;16,44;6,88;6,85;;1,26
198005;3,83;0,8;;3,82;4,11;5,26;6,22;3,42;14,32;12,57;;0,81
198006;4,65;12,9;;4,28;4,4;3,06;4,48;19,07;7,08;8,53;;0,61
198007;3,59;3,35;;11,15;1,49;6,49;-5,02;10,26;0;5,07;;0,53
198008;-0,86;2,94;;7,86;-2,05;1,8;6,33;4,77;5,94;5,23;;0,64
198009;0,12;3,24;;12,98;-0,62;2,19;5,81;-1,64;5,27;-5,74;;0,75
198010;4,35;8,45;;24,12;-7;1,06;3,01;22,98;4,93;11,81;;0,95
198011;4,21;-2,18;;-8,03;0,37;9,59;-3,28;-4;-1,77;5,18;;0,96
198012;-5,76;-4,53;;0,1;-3,56;-4,52;7,34;2,98;-0,47;-2,44;;1,31
198101;-5,5;-0,72;;15,26;-9,19;-5,04;2,27;5,1;-9,86;13,81;;1,04
198102;-0,27;-3,1;;6,71;0,02;0,57;-1,79;-6,16;-3,03;8,75;;1,07
198103;-4,15;2,73;;2,81;4,92;3,56;5,67;-6,41;9,79;-0,52;;1,21
198104;-3,49;3,48;;5,02;-0,3;-2,11;6,7;3,42;-1,2;7,68;;1,08
198105;-7,94;-8,06;;0,44;-7,2;0,11;-2,9;14,93;0,14;-4,65;;1,15
198106;0,06;-4,6;;-20,24;3,33;-2,36;3,79;3,1;-1,3;8,61;;1,35
198107;-1,12;-3,87;;-10,46;-1,77;-1,54;-3,86;-5,45;-10,64;-14,9;;1,24
198108;1,45;4,58;;11,52;-0,46;-7,04;4,71;-5,72;0,99;-21,49;;1,28
198109;-9,01;-17,88;;-12,66;-1,06;-7,17;-9,98;-26,01;-9,11;0,65;;1,24
198110;9,93;5,76;;-8,33;3,08;4,92;-0,4;5,04;-5,42;2,95;;1,21
198111;10,67;19,06;;10,78;5,81;3,36;9,7;16,65;9,92;20,71;;1,07
198112;-3,15;-3,51;;-3,78;-4,58;-3,65;1,31;-2,96;-1,73;1,35;;0,87
198201;-3,46;3,49;;-4,48;0,11;-3,24;-3,04;-1,32;-10,89;-2,4;;0,8
198202;-10,03;-8,33;;2,85;-1,93;-5,86;-6,37;-11,48;-11,31;-9,49;;0,92
198203;8,83;1,88;;-3,38;2,22;-1,87;-7,68;-6,51;-7,32;-2,49;;0,98
198204;8,89;1,79;;-3,26;3,15;3,27;6,59;15,67;12,1;7,45;;1,13
198205;0,9;4,32;;-8,72;-2,47;-3,99;-3,79;8,79;-0,75;-0,18;;1,06
198206;-10,27;-6,85;;-14,38;-7,17;-3,09;-5,77;-11,43;-9,34;-8,55;;0,96
198207;-0,22;3,84;;7,42;0,08;-3,19;-3,15;-7,35;-3,33;-6,61;;1,05
198208;0,59;1,68;;1,82;-2,33;11,14;-0,93;-13,92;2,27;-5,02;;0,76
198209;-0,51;4,45;;-3,33;4,09;1,29;-3,74;-13,07;2,44;3,34;;0,51
198210;5,98;1,16;;-2,53;-1,88;11,3;-0,37;-23,48;-0,96;7,15;;0,59
198211;0,96;-2,29;;6,74;5,35;4,67;17,93;-5,3;-1,55;1,21;;0,63
198212;11,86;2,14;;2,82;10,8;0,55;11,48;15,8;4,04;5,65;;0,67
198301;1,35;-1,89;;10,32;-3,27;3,6;-3,38;13,43;10,69;8,73;;0,69
198302;4,3;0,42;;10,27;8,27;2,59;1,72;14,78;-7,1;6,94;;0,62
198303;14,77;0,84;;3,98;12,15;2,82;2,61;-3,75;-6,52;2,5;;0,63
198304;2,31;14,28;;-7,43;4,91;6,67;2,55;-0,34;16,23;9,86;;0,71
198305;-2,6;3,27;;-6,15;-7,33;0,52;0,42;-12,76;6,79;-2,2;;0,69
198306;9,44;0,31;;0,11;4,11;3,07;2,18;5,5;-3,09;1,51;;0,67
198307;-0,64;-3,2;;0,31;-1,38;-4,07;1,08;9,96;12,68;-4,9;;0,74
198308;-0,91;-0,63;;-0,75;-7,87;-0,5;-1,23;-13,42;3,68;2,89;;0,76
198309;3,22;-0,43;;-1,55;5,34;0,91;7,33;-26,34;3,81;-1;;0,76
198310;-4,22;-1,81;;-5,38;8,75;-3,44;0,06;20,05;-1,47;-2,68;;0,76
198311;3,14;3,9;;0,74;-1,1;2,16;0,16;-1,62;8,71;-0,43;;0,7
198312;2,77;0,76;;-0,86;0,8;-1,78;7,66;3,68;2,5;7,79;;0,73
198401;12,15;3,51;;17,07;0,33;-1,92;5,3;26,65;-0,4;2,83;;0,76
198402;0,43;4,57;;1,28;3,33;-4,82;-0,11;-3,5;-2,09;-3,46;;0,71
198403;1,86;3,66;;0,51;0,9;0,63;18,06;-2,76;2,41;-1,97;;0,73
198404;-3,7;-0,55;;-5,29;-3,86;-0,51;-1,91;2,58;-0,46;-0,27;;0,81
198405;-5,65;-10,85;;-4,95;-4,19;-5,97;-12,53;-11,81;-16,37;-6,91;;0,78
198406;0,18;0,04;;0,96;0,2;1,82;-0,17;-1,62;-2,56;-7,21;;0,75
198407;-9,27;-5,87;;-4,3;-9,7;-2,74;-7,14;-11,94;-0,74;2,31;;0,82
198408;14,84;10,18;;6,45;6,13;10,28;9,18;17,23;10,59;-0,17;;0,83
198409;3,81;-1,96;;-8,77;1,79;-0,8;-0,33;8,57;-1,66;-3,83;;0,86
198410;-0,54;-1,02;;-1,04;1,78;-0,84;4,4;0,61;4,17;-6,43;;1
198411;-2,64;1,49;;0,08;-1;-1,76;1,16;11,75;0,92;-3,98;;0,73
198412;0,98;0,62;;7,01;0,11;1,84;4,08;6,61;-7,08;-0,27;;0,64
198501;8,17;2,16;;13,36;3,47;7,99;-0,09;14,6;5,58;2,44;;0,65
198502;-1,53;-4,46;;0,01;-2,98;1,22;3,92;0,76;-10,27;-1,88;;0,58
198503;8,37;15,54;;1,97;9,03;-0,84;5,59;0,36;3,19;0,74;;0,62
198504;2,81;1,64;;3,5;4,06;-0,96;-3,78;9,65;-1,74;-2,71;;0,72
198505;-0,94;6,3;;10,3;10,02;5,09;3,92;6,73;1,03;2,89;;0,66
198506;2,04;-3,91;;10,06;6,97;1,27;4,66;-2,12;-0,14;-5,55;;0,55
198507;10,74;12,82;;11,28;4,38;-0,74;1,05;6,95;19,62;-0,39;;0,62
198508;1,82;4,87;;6,34;9,73;-1,02;2,31;-1,74;-4,33;-7,77;;0,55
198509;0,64;-3,59;;11,5;10,5;-4,54;10,29;-7,51;7,08;11,18;;0,6
198510;6,02;10,57;;3,79;15,18;4,02;2,51;10;2,95;-0,97;;0,65
198511;9,16;7,69;;11,18;1,78;6,48;1,77;3,11;-6,15;-7,55;;0,61
198512;5,85;-4,08;;6,9;14,7;3,88;5,92;2,13;1,38;-11,79;;0,65
198601;-0,59;0,01;;7,66;3,44;0,65;2,93;-2,53;13,31;-1,82;;0,56
198602;4,42;12,75;;29,49;5,91;7,13;11,29;0,61;-4,32;2,08;;0,53
198603;6,11;9,7;;21,96;4,59;4,88;19,53;-3,66;10,54;-8,47;;0,6
198604;6,33;4,55;;12,7;11,33;-1,31;4,16;13,22;10,47;-5,53;;0,52
198605;-0,82;-7;;-1,52;-14,13;4,62;1,62;-2,74;-0,16;10,24;;0,49
198606;4,27;7,01;;-10,46;3,56;1,03;7,8;-2,18;-11,17;16,87;;0,52
198607;0,36;-7,74;;18,17;-2,13;-6,45;14,14;6,1;-15,5;0,04;;0,52
198608;10,32;5,66;;12,72;17,6;6,07;7,99;3,78;6,81;12,61;;0,46
198609;-2,78;-7,61;;-8,54;-4,4;-8,6;3,86;8,34;8,26;-3,35;;0,45
198610;-2,54;1,67;;3,53;-0,58;4,66;-12,56;12,34;13,32;22,52;;0,46
198611;7,71;4,06;;-1,75;9,27;1,17;4,73;4,04;1,68;-8,14;;0,39
198612;1,26;5,53;;0,73;1,13;-3,27;8,33;7,04;9,02;3,47;;0,49
198701;5,3;12,86;;3,33;-4,14;12,47;18,09;0,54;0,87;11,32;;0,42
198702;-1,04;10,53;;-4,12;-5,81;4,39;0,43;12,76;10,92;13,18;;0,43
198703;10;5,8;;4,83;5,35;1,64;11,2;-4,53;11,88;-2,47;;0,47
198704;0,27;6,56;;9,05;1,64;-2,11;16,89;-1,82;4,12;8,31;;0,44
198705;2,38;4,79;;-11,85;-3,16;0,11;-1,34;10,85;3,62;9,51;;0,38
198706;7,54;3,79;;-1,29;6,22;3,94;-7,78;9,05;1,2;1,69;;0,48
198707;4,06;2,99;;-1,47;5,1;3,85;-3,05;9,95;11,48;10,8;;0,46
198708;0,13;-2,23;;-6,61;3,8;3,52;11,96;4,47;8,7;0,67;;0,47
198709;-2,71;5,81;;1,97;-3,51;-2,59;-3,6;10,59;5,63;-1,8;;0,45
198710;-18,38;-22,43;;-12,28;-17,35;-23,24;-8,26;-43,22;-45,21;-39,19;;0,6
198711;-7,23;-2,96;;3;-7,56;-7,77;3,85;-3,11;8,64;0,65;;0,35
198712;8,92;11,94;;-3,89;2,65;6,81;1,58;8,51;4,97;6,21;;0,39
198801;-2,77;-0,63;-3,91;-10,21;-12,48;4,21;4,79;2,94;-6,16;7,94;-5,97;0,29
198802;5,27;-0,36;2,89;7,32;15,41;4,75;7,69;1,43;1,52;-2,37;-12,71;0,46
198803;5,09;5,27;8,3;3,88;1,4;-2,27;6,82;6,3;17,81;5,34;21,55;0,44
198804;2,07;3,39;3,95;-2,47;-2,47;0,56;0,91;3;5,94;5,49;2,16;0,46
198805;-5,33;-2,45;5,88;-11,03;-0,87;-0,29;-4,07;-3,35;16,05;2,05;3,25;0,51
198806;1,85;-2,57;-0,47;5,72;-0,37;4,79;-3,28;7,76;-1,99;9,13;-3,45;0,49
198807;1,5;0,36;0,54;2,59;-0,67;-1,25;3,94;1,38;5,08;2,71;4,18;0,51
198808;-3,56;-6,42;-4,84;-2,95;0,08;-3,31;-7,91;-8,2;-1,93;-8,77;-9,11;0,59
198809;2,7;4,62;-4,62;6,69;7,05;3,3;3,09;0,25;-3,37;-0,06;-3,01;0,62
198810;7,04;6,94;8,47;12,22;8,8;1,15;5,89;7,61;7,29;4,21;4,38;0,61
198811;0,44;1,75;7,75;2,91;0,28;-2,29;9,66;1,88;-0,81;0,16;-3,53;0,57
198812;2,59;-2,09;-3,87;-0,42;2,16;1,49;0,36;1,64;-1,11;3,94;-3,9;0,63
198901;0,72;11,15;-1,8;-3,1;-4,21;6,1;-0,59;14,71;8,94;9,9;4,27;0,55
198902;0,4;-1,76;3,61;-1,92;0,64;-2,25;1,82;-1,28;-13,86;-0,43;-0,52;0,61
198903;3,23;0,63;5,77;1,67;-1,61;1,57;-3,92;1,04;0,87;4,09;-1,14;0,67
198904;4,59;2,21;3,68;1,3;4,82;4,33;0,13;3,78;0,74;6,33;3,69;0,67
198905;-4,58;-6;3,01;-4,81;-2,96;3,35;-5,05;-11,76;-2,56;2,08;-8,31;0,79
198906;3,58;-0,04;-10,77;8,12;6,03;-1,35;-4,42;-17,11;0,67;0,91;2,49;0,71
198907;9,31;14,37;4,83;11,16;9,8;7,2;13,1;13,58;9,22;6,32;5;0,7
198908;-2,39;-2,4;-7,1;2,5;-1,38;1,44;-7,23;-2,36;8,45;-3,05;27,28;0,74
198909;4,43;0,37;-5,43;-0,31;5,59;-0,76;7,26;10,44;0,27;1,7;-5,5;0,65
198910;-3,19;-8,96;-3,32;-7,56;-5,15;-3,67;-3,48;-1,09;-3,78;-3,68;-7,54;0,68
198911;6,08;5,76;-5,73;5,41;9,97;1,03;5,15;1,07;-1,48;5,32;-0,57;0,69
198912;8,82;9,34;6,53;6,82;18,38;1,16;0,8;3,15;4,59;8,05;-2,92;0,61
199001;-3,68;1,11;12,35;-0,15;3,14;-7,85;-5,87;-2,56;0,24;3,93;-3,17;0,57
199002;-3,89;-3,05;-2,07;-4,49;-1,51;1,11;-10,02;7,67;-6,87;1,98;-7,77;0,57
199003;6,41;-1,78;-5,45;5,43;10,38;1,83;-18,58;2,36;-1,91;-2;-4,76;0,64
199004;-1,96;-6,27;-8,21;2,43;-6,51;-3,36;-0,17;-0,77;-6,42;-8,1;-1,68;0,69
199005;3,48;14,28;2,26;7,18;0,75;8,42;14,82;6,6;8,89;12,08;10,15;0,68
199006;1,87;5,76;-3,12;3,15;4,58;-1,09;-4,5;5,11;4,14;0,54;-0,45;0,63
199007;5,26;4,93;4,38;1,92;8,24;-1,9;-0,53;5,91;5,77;6,27;4,92;0,68
199008;-8,51;-6,28;-6,88;-15,12;-14,31;-10,15;-10,44;-10,34;-1,92;-14,83;-4,98;0,66
199009;-5,2;-8,54;-16,55;-10,85;-16,68;-6,12;-16,53;-10,31;-5,37;-15,61;-10,69;0,6
199010;5,62;7,58;-0,12;3,91;12,92;-1,92;25,92;8,38;-9,2;8,17;-9,64;0,68
199011;0,75;4,88;2,07;-8,45;1,79;6,35;-12,2;-0,94;-0,32;-4,09;-6,22;0,57
199012;0,08;-0,26;-3,71;3,06;-2,8;2,46;3,73;2,35;-2,78;5,76;-9,23;0,6
199101;1,06;3,36;-1,98;-2,33;1,93;4,69;2,98;7,58;5;4,24;7,13;0,52
199102;5,88;8,15;9,43;13,27;5,78;7,19;11,68;9,99;6,97;13,27;8,5;0,48
199103;-3,21;-4,97;6,23;-7,8;-12,07;2,65;-5,23;5,25;1,56;1,06;-5,44;0,44
199104;2,83;0,46;-3,54;-1,35;4,5;-0,28;2,58;-3,43;8,03;1,87;9,46;0,53
199105;-1,1;-1,32;-4,57;4,21;2,96;3,65;-1,34;4,06;-4,09;0,56;3,01;0,47
199106;-5,4;-7,19;-12,02;-7,92;-8,32;-4,94;-7,32;-0,7;1;-3,43;-5,38;0,42
199107;6,09;11,82;7,85;1,55;3,48;4,24;3,06;9,86;6,45;0,9;0,95;0,49
199108;-0,48;2,46;-4,94;-3,5;1,21;2,32;-5,54;-0,03;-1,25;-3,82;-6,33;0,46
199109;2,39;4,07;-8,37;1,32;2,16;-1,59;8,31;-0,66;3,51;-1,88;0,19;0,46
199110;1;-2,25;-1,05;-4,91;-1,96;1,29;4,74;1,98;6,51;3,07;7,54;0,42
199111;1,15;-3,84;-5,82;4,17;1,84;-4,19;-7,06;3,41;-4,9;2,71;-0,45;0,39
199112;7,37;8,62;-1,76;4,82;7,05;10,84;3,09;3,62;0,11;6,09;-4,6;0,38
199201;-0,54;-0,87;9,3;2,28;0,55;-0,59;-5,71;7,28;-3,25;3,13;-2,79;0,34
199202;0,65;-1,48;-0,77;-1,75;2,55;1,09;-7,6;7,51;0,15;-1,25;3,8;0,28
199203;-0,92;-5,33;-8,97;-6,54;-1,58;-2,66;-11,03;0,85;0,67;-3,76;-5,4;0,34
199204;4,76;12,49;0,2;0,37;-0,18;1,07;-6,88;8,69;3,65;2,15;1,55;0,32
199205;4,28;5,5;4,63;1,97;5,72;0,3;8,25;14,02;1,55;3,26;7,37;0,28
199206;1,16;-2,97;-5,06;-3,95;1,85;-2,34;-9;0,92;-3,21;-1,06;-1,67;0,32
199207;0,14;-4,44;-7,28;-8,64;-4,71;3,77;-1,08;-3,99;-2,11;-0,39;1,67;0,31
199208;2,65;-0,62;-12,87;1,07;0,08;-2,38;17,93;-4,17;-8;-3,77;-6,1;0,26
199209;1,59;-1,39;-6,45;-17,51;-4,23;1,19;-3,17;-1,4;-4,26;1,46;-3,44;0,26
199210;-10;-8,36;17,08;13,84;-6,71;1,02;-4,97;12,05;-6,41;2,47;-7,14;0,23
199211;-1,23;2,34;7,14;-5,95;-0,53;4,13;2,86;-5,92;-0,31;3,67;13,49;0,23
199212;0,59;3,66;-5,04;-2,16;-1,99;1,53;-1,21;-4,82;8,57;-0,21;0,59;0,28
199301;2,36;-2,37;-2,56;9,12;2,91;0,93;-0,08;3,96;-2,47;1,64;-2,16;0,23
199302;2,54;-0,9;-0,56;0,83;4,25;0,12;3,97;10,85;9,96;2,01;6,43;0,22
199303;8,06;6,09;8,52;-8,64;4,16;2,3;16,18;-0,08;4,02;-0,35;2,92;0,25
199304;-0,99;2,65;23,96;20,35;-1,48;-3,05;17,19;7,41;0,78;7,96;4,49;0,24
199305;2;0,51;3,8;3,79;0,3;2,89;3,41;9,18;0,71;3,71;2,47;0,22
199306;-2,36;-2,19;-9,63;-5,37;-4,41;0,31;-3,18;-3,84;-2,91;-3,79;1,49;0,25
199307;1,6;1,26;2,21;2,61;4,54;-0,34;7,74;-2,07;9,69;0,15;12,39;0,24
199308;10,57;6,35;12,44;12,64;10,71;3,71;2,39;6,87;4,19;13,34;10,14;0,25
199309;0,34;-1,29;0,08;-5,31;1,51;-0,12;-5,73;2,59;-4;4,41;-2,16;0,26
199310;5,23;3,22;10,83;-4,94;5,16;1,41;-0,85;23,42;12,01;4,8;14,06;0,22
199311;-2,16;0,36;-5,06;-9,86;-1,93;-1,89;-15,88;-0,91;-6,27;-0,49;-8,12;0,25
199312;5,44;7,3;7,72;13,24;5,95;1,65;2,5;30,1;11,35;21,46;11,23;0,23
199401;5,29;5,28;25,04;9,78;-1,19;2,87;17,17;-3,83;11,09;-3,74;11,77;0,25
199402;-2,27;-5,59;-1,27;-1,72;-1,62;-2,55;3,93;-10,44;-5,05;-1,98;-5,42;0,21
199403;-3,23;-6,44;-3,98;17,33;3,57;-4,78;-3,03;-10,47;-7,3;-8,82;-9,34;0,27
199404;5,44;3,86;7,24;11,75;6,36;0,68;3,64;-0,19;3,58;9,54;5,91;0,27
199405;-2,5;-5,49;-5,65;-7,97;-5,64;0,58;1,77;6,93;3,92;1,94;5,89;0,31
199406;0,02;0,56;-1,15;-6,24;0,76;-3,03;5,5;-8,11;-5,44;-2,11;-5,83;0,31
199407;6,92;5,25;10,88;4,21;4,9;2,82;-3,86;8,13;5,29;3,78;3,14;0,28
199408;1,98;6,54;8,53;-3,67;3,33;4,01;0,76;5,51;4,41;3,53;7,64;0,37
199409;-2,74;-4,01;1,34;0,21;-6,13;-2,31;-2,64;-3,19;-4,57;1,06;-2,02;0,37
199410;6,79;5,96;10,97;-4,87;5,97;1,34;3,17;0,49;1,65;3,13;6,32;0,38
199411;-5,11;-4,98;-10,84;-6,21;-5,94;-4,04;-5,81;-12,56;-3,2;-5,13;-3,75;0,37
199412;2,09;0,13;3,63;1,21;3,72;0,86;1,86;-3,1;2,53;-1,41;-3,21;0,44
199501;1,03;-0,86;-2,06;5,97;-1,74;1,8;-6,58;-10,23;-5,91;-4,33;2,26;0,42
199502;3,9;0,77;1,72;-8,23;8,54;3,63;-4,85;14,25;3,6;2,55;2,88;0,4
199503;4,32;5,62;-3,13;-7,56;-2,86;2,19;9;2,69;-1,07;1,63;3,48;0,46
199504;4,16;2,92;13,75;10,7;4,57;2,11;4,88;-3,19;6,91;1,56;11,33;0,44
199505;1,67;1,98;3,03;0,03;1,11;2,9;-5,79;12,57;-2,53;6,41;-2,06;0,54
199506;1,66;0,33;12,62;-2,71;3,38;2,72;-4,57;-1,91;-0,93;-4,79;-2,73;0,47
199507;5,04;5,7;10,39;8,26;5,23;3,72;7,03;2,69;9,89;1,5;4,55;0,45
199508;-5,3;-1,97;-2,08;-3,5;-4,62;0,55;-2,91;-3,21;2,81;-4,67;-3,49;0,47
199509;4,57;3,18;3,96;-2,62;0,81;3,35;-1,27;5,58;0,42;1,55;1,31;0,43
199510;-0,3;0,49;-13,47;-4,87;-0,34;-1,52;-4,14;0,66;-2,05;1,22;3,82;0,47
199511;2,53;0,75;-2,23;-6,12;-0,39;3,96;4,89;0,19;2,48;1,81;-2,5;0,42
199512;3,52;2,75;-14,72;8,83;3,05;1,03;4,88;2,94;2,38;6,86;0,68;0,49
199601;0,89;-0,35;-11,65;5,05;4,04;2,26;-1,67;13,87;4,25;9,71;1,17;0,43
199602;2,63;1,09;13,56;-0,32;1,02;1,33;-1,5;-1,19;2,74;0,28;1,62;0,39
199603;3,71;-0,2;-0,05;-4,51;0,08;0,73;3,05;-0,37;-0,35;-2,2;1,6;0,39
199604;0,68;2,42;1,2;14,54;-3,63;2,06;5,38;0,02;4,89;0,2;0,9;0,46
199605;4,72;1,42;9,85;2,41;2,02;2,36;-3,98;2,9;-0,84;-0,41;-6,25;0,42
199606;-0,46;-0,92;-3,41;-0,45;2,37;-1,14;0,73;-1,9;-2,28;-1,06;4,65;0,4
199607;-1,53;0,31;0,95;-7,53;-0,15;-5,97;-4,58;-3,93;-3,97;-7,49;3,86;0,45
199608;-0,49;4,97;10,37;-1,05;2,07;2,77;-4,29;4,04;5,91;3,66;-9,91;0,41
199609;5,34;2,33;0,26;7;1,21;5,01;3,6;6,52;1,46;-0,93;14,21;0,44
199610;1,16;4,77;2,05;-5,15;0,97;0,86;-6,9;4,03;3,06;-3,68;4,5;0,42
199611;6,43;5,53;8,2;10,61;4,25;6,25;1,54;8,67;5,17;5,6;1,49;0,41
199612;2,2;3,63;4,08;0,46;2,09;-1,7;-6,66;0,14;-0,34;1,86;0,67;0,46
199701;-0,45;-3,06;5,51;11,58;-1,35;4,99;-10,87;-2,46;-3,86;2,43;-0,59;0,45
199702;4,31;2,68;0,35;-10,39;4,08;-0,49;2,15;0,08;3,31;-1,54;-4,7;0,39
199703;3,03;1,1;0,08;2,82;7,06;-5,03;-2,98;-6,39;0,08;-9,03;-1,18;0,43
199704;-1,15;1,32;-1,34;1,45;-3,36;4,04;2,66;1,44;2,97;-5,2;1,37;0,43
199705;6,27;4,26;4,58;-0,36;3,95;6,74;13,05;12,27;2,8;6,77;5,05;0,49
199706;6,33;1,68;6,05;9,27;4,31;4,1;6,74;4,46;4,08;-0,69;5,28;0,37
199707;7,56;4,88;7,87;5,34;8,19;7,33;-3,01;5,97;-0,55;-0,66;-1,84;0,43
199708;-9,04;-2,2;-8,25;-2,27;-9,5;-4,15;-8,96;-13,24;-6,83;-14,52;-5,96;0,41
199709;8,58;8,74;17,93;14,95;7,21;5,35;-1,91;5,62;6,43;4,46;5,22;0,44
199710;-4,8;-3,86;-7,52;-5,46;-6,48;-3,8;-8,41;-28,6;-12,98;-17,43;-9,2;0,42
199711;-0,49;0,79;-4,59;1,7;2,61;2,98;-6,54;-2,33;-2,42;6,36;-2,86;0,39
199712;2,53;3,22;-5,67;7,84;3,35;1,32;-6,6;1,55;2,17;-6;-5,09;0,48
199801;1,64;4,8;6,89;11,16;2,76;0,15;9,59;-15,5;6,49;-14,7;-2,08;0,43
199802;11,14;7,23;17,3;4,71;6,87;7,04;0,57;21,69;2,56;22,14;2,6;0,39
199803;3,73;5,18;4,85;21,22;6,44;4,76;-6,79;-2,48;-0,44;-2,68;-5,07;0,39
199804;2,92;0,31;16,44;-3,26;3,98;0,73;-0,85;-10,56;-1,48;-6,56;0,48;0,43
199805;6,67;-2,74;-0,84;4,96;7,45;-3,07;-4,81;-14,25;-4,55;-17,56;-6,72;0,4
199806;-0,88;0,95;4,91;-5,74;3,36;3,18;0,69;-6,88;-0,12;-11,16;-12,98;0,41
199807;2,48;-1,7;9,33;9,75;1,76;-2,46;-1,02;-7,72;-0,15;-1,38;8,3;0,4
199808;-10,57;-8,3;-19,07;-13,97;-15,48;-16,08;-10,72;-7,41;-13,18;-17,84;-18,88;0,43
199809;-7,52;-1,48;2,86;-5,08;-1,13;6,15;-2,05;17,11;8,56;15,06;-4,41;0,46
199810;6,69;5,9;11,41;6,27;3,94;7,13;16,74;32,18;8,54;27,09;14,85;0,32
199811;7,44;3,75;7,51;10,98;4,58;6,1;4,23;0,07;6,67;14,6;5,89;0,31
199812;8,17;3,1;18,28;7,53;2,53;6,16;3,55;-2,02;-0,01;-0,16;3,13;0,38
199901;-6,62;-0,19;7,55;-4,36;0,36;3,5;0,73;-8,25;7,17;-3,31;8,93;0,35
199902;-1,58;2,62;-5,66;-1,55;-6,88;-4,08;-2,82;0,58;-2,88;-1,08;0;0,35
199903;1,29;2,45;11,41;3,64;-2,46;3,45;14,64;12,74;5,32;6,74;-1,34;0,43
199904;5,56;4,79;1,72;-2,34;5,6;4,33;4,93;21,88;9,82;28,14;13,97;0,37
199905;-5;-5,39;-4,76;-4,15;-5,43;-2,46;-4,41;-7,63;-7,62;-2,08;-14,52;0,34
199906;0,66;0,48;12,58;-2,11;4,6;4,77;9,62;10,27;5,42;12,59;3,06;0,4
199907;3,08;1,46;3,06;-2,4;-0,28;-3,49;10,35;-2,78;-0,36;0,35;3,75;0,38
199908;2,02;-0,14;-2,02;1,86;1,88;-1,38;2,38;0,49;-5,04;-0,82;-4,69;0,39
199909;-3,25;-2;5,19;1,74;-1,04;-2,79;6,77;-4,62;0,95;-0,77;-6,89;0,39
199910;2,83;2,49;15,31;-2,8;4,69;6,12;6,89;3,62;-2,18;4,46;1,85;0,39
199911;-0,21;2,25;19,67;3,71;1,51;3,37;7,63;11,43;6,57;5,57;2,44;0,36
199912;9,94;6,57;30,83;20,44;16,79;7,72;5,08;9,7;5,59;12,17;8,32;0,44
200001;-12,05;-8,36;-0,82;-5,15;-4,1;-4,74;-5,53;-7,53;-4,14;-10,69;-11,55;0,41
200002;5,71;-1,99;7,21;17,04;9,69;2,45;-2,27;3,06;-2,54;-6,77;-4,21;0,43
200003;2,69;6,66;2,57;-7,22;-0,53;5,2;7,87;4,13;-1,13;-0,19;5,89;0,47
200004;-3,28;-3,96;2,25;-6,44;-8,21;-6,4;-8,02;-9,23;-3,17;2,76;-1,73;0,46
200005;2,54;-3,78;-8,98;2,84;-2,27;-4,42;-7,09;-10,03;-3,16;-15,13;-8,2;0,5
200006;5,69;1,92;-1,26;5,68;0,23;4,64;6,73;8,67;12,77;12,6;6,3;0,4
200007;-3,67;-0,01;-11,89;-3,55;0,1;-2,51;-11,26;6,61;-4,31;-0,62;-2,08;0,48
200008;-0,29;1,9;-2,35;-0,47;-3,85;7,03;6,36;5,84;-0,12;5,78;-7,13;0,5
200009;-3,57;-3,3;-8,48;-5,65;-4,47;-5,45;-4,29;-4,13;-5,75;-7,89;-9,38;0,51
200010;-0,88;-0,07;0,1;1,03;0,31;-2,76;-6,77;-4,63;-5,12;0,35;-7,6;0,56
200011;-0,93;-4,99;1,46;1,32;-7,06;-10,72;-2,68;-1,94;1,97;-1,88;5,81;0,51
200012;5,53;6,97;7,32;1,69;9,13;1,19;-8,61;11,39;3,98;-0,47;0,9;0,5
200101;-0,34;-0,71;-16,52;2,4;3,67;3,13;-0,34;3,04;3,93;1,4;8,13;0,54
200102;-6,32;-6,35;-28,99;-10,8;-8,48;-10,05;-5,49;-1,81;-5,55;-1,75;-5,28;0,38
200103;-9,06;-6,03;0,02;-6,96;-9,86;-7,26;-3,49;-10,95;-10,95;-19,11;-2,32;0,42
200104;6,48;6,67;30,63;5,38;6,76;7,94;8,59;1,8;10,77;2,09;6,96;0,39
200105;-4,1;-2,72;-9,77;-8,59;-6,7;0,72;-0,38;-0,85;0,88;-3,71;-7,24;0,32
200106;-2,79;-3,37;-17,52;-4,83;-1,48;-1,94;-5,7;-3,24;2,81;5,62;1,24;0,28
200107;-0,34;-0,28;-2,68;2,06;0,61;-2,13;-8,5;-1,97;-4,98;-2,48;3,22;0,3
200108;-1,14;-0,88;-18,41;-1,4;-6,29;-6,46;-3,08;-6,05;2,15;2,1;4,73;0,31
200109;-12,6;-7,57;-1,51;-15,17;-15,86;-9,25;-7,28;-13,47;-11,53;-18,77;-17,77;0,28
200110;0,37;2,13;22,54;4,09;5,66;2,46;0,54;3,75;8,38;0,19;8,52;0,22
200111;4,18;2,02;9,36;3,76;8,65;7,54;0,3;10,53;6,69;6,46;6,68;0,17
200112;2,57;2,62;6,92;1,18;2,19;1,6;-8,17;5,11;1,21;8,88;-0,56;0,15
200201;-3,34;-3,91;-7,06;-3,37;-3,52;-1,44;-7,64;-1,5;0,23;10,36;4,68;0,14
200202;0,46;-0,58;-3,49;0,1;-0,97;-2,29;4,21;-3,33;0,48;-3,31;-0,87;0,13
200203;8,74;4,79;0,68;6,92;7,54;4,24;6,32;5,5;4,08;4,26;4,45;0,13
200204;-0,32;0,89;-14,49;0,51;-3,22;-5,2;5,45;5,57;-1,19;-2,88;0,06;0,15
200205;0,09;-1,06;-4,1;-2,3;-1,38;-1,38;7,15;-3,19;6,2;-1,56;13,12;0,14
200206;-2,46;-4,4;1,34;-1,38;-3,99;-7,21;-5,35;-5,52;-5,23;-5,91;-1,39;0,13
200207;-16,62;-6,41;-13,07;-9,17;-14,92;-8,18;-5,93;-3,83;-6,33;-2,05;-8,15;0,15
200208;1,2;-1,14;3,69;1,91;0,17;0,5;-1,37;-4,68;2,43;-0,95;4,24;0,14
200209;-16,99;-10,26;-4,63;-13,83;-23,3;-10,35;-4,94;-7,49;-5,65;-11,82;-2,37;0,14
200210;12,6;7,9;19,37;9,26;14,6;7,84;-6,59;3,7;5,29;9,03;7,39;0,14
200211;6,11;2,88;12,36;9,71;4,7;5,96;3,97;6;2,54;-4,61;-1,84;0,12
200212;-4,29;-2,08;-11,63;-3,18;-6,37;-5,76;-2,4;-6,45;-1,59;-2,8;4,82;0,11
200301;-5,15;-7,08;-8,57;-1,44;-2,23;-2,57;-3,65;1,35;2,78;-2,24;6,4;0,1
200302;-7,24;-1,88;-3,54;1,98;-6,51;-1,88;1,05;-1,04;-2,38;-0,47;-1,23;0,09
200303;-2,13;-0,63;0,61;-5,59;-2,87;1,09;-4,36;-5,08;2,98;-1,54;0,01;0,1
200304;11,11;10,58;17,85;13,73;21,99;8,22;0,62;-0,96;8,47;1,61;5,18;0,1
200305;6,16;6,71;5,16;10,57;7,24;6,05;4,68;8,64;4,82;8,99;6,25;0,09
200306;1,28;0,93;-4,18;-2,77;4,65;1,42;7,86;1,18;3,48;5,18;10,18;0,1
200307;4,09;1,02;-1,55;-0,03;5,19;2,35;4,06;6,5;0,27;7,53;-4,02;0,07
200308;1,98;-0,9;6,23;-2,38;-1,31;2,34;10,47;11,32;3,11;3,33;2,6;0,07
200309;-0,59;3,61;-2,19;4,25;0,12;-1,24;6,14;5,94;3,26;3,17;5,14;0,08
200310;5,99;7,15;10,53;5,09;11,62;6,08;4,16;4,79;8,6;5,93;3,37;0,07
200311;3,88;2,77;6,23;8,08;4,87;1,35;-3,23;-0,19;-0,38;-0,02;6,53;0,07
200312;8,76;7,54;-0,76;5;10,25;4,29;6,73;2,26;7,91;4,7;6,48;0,08
200401;0,48;0,54;10,96;2,02;1,55;2,15;1,69;9,62;0,49;4,62;2,5;0,07
200402;2,05;4,67;6,08;1,64;-0,39;1,4;0,06;3,16;4,26;2,89;0,86;0,06
200403;-4,62;-2,84;-5,03;-2,78;-4,73;-1,32;14,24;-6,05;0,41;-0,26;1,68;0,09
200404;-1,19;-1,05;-18,16;1,35;-0,26;-1,83;-4,96;-5,04;-4,91;-2,47;-4,46;0,08
200405;1,41;2,13;-0,72;-0,54;-0,27;1,17;-2,9;-0,69;0,86;-1,79;-0,97;0,06
200406;2,35;0,25;4,92;2,88;2,89;1,86;4,5;0,31;-0,18;1,35;3,77;0,08
200407;-4,53;-0,95;-9,43;-2,35;-4,38;-4,06;-6,1;1,76;0,43;2,14;4,29;0,1
200408;-0,41;0,05;1,16;-0,55;-2,2;0,08;0,67;6,34;1,2;1,41;1,63;0,11
200409;2,55;3,26;10,03;5,95;4,99;1,6;-2,8;1,41;5,89;4,94;4,95;0,11
200410;4,3;2,83;8,69;5,91;3,96;1,43;2,41;-0,65;6,13;1,25;-0,31;0,11
200411;7,18;6,57;9,42;7,85;8,84;4,54;4,8;9,7;8,33;3,1;9,54;0,15
200412;4,99;3,53;-0,3;8,06;5,41;3,43;5,29;2,13;4,35;3,47;3,61;0,16
200501;-0,11;-0,5;-2,97;-1,7;-3,6;-2,76;-1,67;-3,62;0,74;3,04;-0,86;0,16
200502;6,2;4,44;7,67;2,92;4;1,89;1,62;3,72;4,9;1,83;7,68;0,16
200503;-3,35;-2,9;-3,15;-0,62;-2,04;-1,97;-2,24;-3,42;-3,87;-0,71;-8,28;0,21
200504;-5,98;-1,13;-1,15;-4,89;-5,34;-2,61;-2,15;3,73;-1,44;0,37;2,48;0,21
200505;0,27;-1,03;3,58;-1,79;1,31;3,65;-1,93;-0,39;-0,1;0,29;-3,89;0,24
200506;4,8;1,79;2,11;0,79;1,73;0,57;0,7;3,7;5,26;3,28;7,02;0,23
200507;5,26;1,69;1,53;4,62;6,37;3,92;1,02;6,19;2,42;6,78;1,36;0,24
200508;-0,23;3,03;1,35;1,82;0,89;-1,22;7,46;-0,99;0,95;-4,44;0,28;0,3
200509;0,97;1,28;4,47;1,46;1,69;0,49;8,99;2,39;5,35;0,41;1,73;0,29
200510;-1,81;-2,12;-3,9;-6,41;-2,91;-2,02;-0,74;-6,91;-5,19;-3,07;-3,05;0,27
200511;5,05;0,28;1,25;1,86;2,99;3,61;3,64;3,3;2,64;3,85;0,29;0,31
200512;5,34;3,68;7,04;4,39;4,55;-0,25;8,91;1,2;2,47;4,95;0,01;0,32
200601;6;6,35;6,42;6,14;7,99;3,04;4,34;5,8;7,49;6,22;-0,53;0,35
200602;2,38;-0,35;3,42;1,52;1,2;-0,3;-1,02;0,69;-2,05;2,81;-2,99;0,34
200603;4,91;2,23;8,25;3,08;5,07;1,46;2,27;1,19;0,43;3,21;0,25;0,37
200604;3,42;6,3;5,55;4,15;4,41;0,73;2,75;5,08;9,33;5,75;5,5;0,36
200605;-5,08;-2,4;-5,88;-2,14;-5,25;-3,57;-6,28;-6,27;-5,49;-8,39;-7,04;0,43
200606;0,28;0,9;-1,72;-0,2;-0,77;-0,35;-1,1;0,73;0,71;2,6;-5,62;0,4
200607;2,83;2,45;-0,33;1,03;0,02;-0,78;-0,83;2,44;1,74;0,52;0,75;0,4
200608;3,81;1,96;4,36;3,98;3,46;2,03;1,68;2,71;2,23;2,91;3,28;0,42
200609;3,15;-0,15;-1,83;0,67;2,21;1,84;-1,88;0,79;-1,53;2,49;3,86;0,41
200610;0,87;5,18;4,38;4,27;5;3,23;1,94;1,1;8,65;8,39;8,1;0,41
200611;2,83;2,37;4,19;5,74;4,81;1,71;0,45;6,04;3,38;7,2;4;0,42
200612;4,25;2,82;3,33;2,72;4,57;0,87;2,4;6,23;3,59;6,17;9,07;0,4
200701;0,68;0,23;3,25;0,32;1,12;1,4;0,75;1,87;0,17;4,87;0,39;0,44
200702;-0,06;-0,2;0,69;-0,37;0,79;-1,96;4,01;-2,61;3,34;0,64;-0,69;0,38
200703;7,09;3,54;6,22;2,63;4,19;0,68;-1,26;1,88;5,88;6,22;3,69;0,43
200704;8,76;4,12;8,08;7,64;8,92;3,49;-2,17;2,17;5,64;4,48;6,71;0,44
200705;-0,73;1,98;5,7;-0,12;3,78;3,24;1,22;2,13;2,21;3,96;1,62;0,41
200706;0,79;1,01;-0,09;-0,8;1,42;-1,96;-0,13;0,64;2,73;1,82;2,98;0,4
200707;-0,07;-2,54;0,2;-2,95;-3,13;-3,73;-0,19;6,56;-2,07;1,22;-1,57;0,4
200708;-2,28;-0,86;4,14;-1,13;0,45;0,92;-3,03;-1,08;-0,74;-3,32;-12,05;0,42
200709;8;3,81;11,27;4,65;7,34;3,22;1,93;12,57;14,7;11,61;13,2;0,32
200710;2,24;6,25;3,45;3,74;4,64;1,8;0,06;10,41;7,96;4,86;-1,34;0,32
200711;-4,29;-5,43;-3,25;-3,29;-2,16;-4,83;-1,83;-3,04;-8,1;-7,49;-3,3;0,34
200712;0,5;-2,97;-2,84;-1,27;0,48;-0,87;-3,41;0,9;-3,17;-0,01;-1,46;0,27
200801;-8,95;-8,38;-7,51;-9,86;-10,02;-6,36;-4,77;-12,48;-9,39;-13,06;-5,67;0,21
200802;3,17;1,26;3,72;0,81;1,26;-3,09;1,18;0,02;4,4;5,32;-2,12;0,13
200803;3,03;-2,49;-3,52;-2,06;1,65;-0,93;-3,51;-6,1;-6,09;-1,19;-5,44;0,17
200804;2,59;6,3;0,01;5,63;3,91;4,6;6,32;6,98;8,15;5,32;4,61;0,18
200805;0,98;0,02;1,02;1,12;1,77;1,86;2,17;1,17;4,24;3,13;0,18;0,18
200806;-12,53;-6,49;-11,04;-10,73;-7,2;-8,44;-6,48;-10,03;-7;-7,44;-12,48;0,17
200807;-4,37;-4,5;-2,08;-4,6;-1,65;-0,77;-3;-1,71;-7,02;-3,44;0,22;0,15
200808;0,27;-3,94;-5,67;-3,85;-6,23;1,53;-4,26;-5,82;-5,38;-10,09;-3,66;0,13
200809;-18,79;-15,29;-21,74;-14,36;-11,58;-9,24;-10,34;-17,93;-17,35;-17,03;-11,67;0,15
200810;-26,38;-20,46;-19,51;-22,88;-20,63;-17,23;-13,43;-22,72;-27,68;-28,31;-18,98;0,08
200811;-8,25;-5,99;-9,45;-5,77;-10,28;-7,86;0,1;-2,78;-9,06;-2,82;-9,84;0,03
200812;10,07;-1,49;6,15;7,33;12,7;1,74;8,51;6,3;7,05;9,4;4,97;0
200901;-9,2;-6,43;-13,26;-13,38;-15,62;-8,12;-6,42;-0,12;-13,62;-5,62;-10,06;0
200902;-12,31;-7,37;-14,85;-13,02;-11,65;-10,1;-12,02;-4,75;-3,53;-9,73;-9,13;0,01
200903;5,64;3,51;10,86;7,19;10,14;8,95;1,41;3,99;17,1;6,81;15,02;0,02
200904;13,81;13,84;25,9;18,25;13,6;10,18;8;16,63;11,37;16,67;5,65;0,01
200905;13,88;14,31;10,41;13,05;10,8;5,21;10,91;21,09;12,8;29,61;15,17;0
200906;-0,87;-1,27;-4,19;-3,47;-2,1;0,43;2,92;-0,44;4,69;-0,43;1,53;0,01
200907;13,54;10;3,23;7,95;10,55;7,72;4,05;13,31;11,49;15,55;8,39;0,01
200908;7,02;4,82;9,15;7,71;0,83;3,33;3,4;-5,7;7,68;0,3;4,55;0,01
200909;8,01;2,85;4,77;7,44;6,32;4,08;-0,69;7,3;11;5,71;6,38;0,01
200910;-2,41;1,25;-6,53;-4,56;-4,14;-2,59;-2,38;3,67;0,09;-1,02;1,18;0
200911;3,56;2,92;4,62;1,63;5,59;5,56;-1,98;0,1;3,98;3,45;-2,86;0
200912;2,78;2,52;1,07;0,84;0,56;2,75;0,27;2,44;1,45;5,83;3,68;0,01
201001;-3,11;-4,31;1,03;-7,15;-7,51;-3,36;2,39;-4,86;-7,23;-4,81;-4,6;0
201002;-3,86;-1,42;-2,37;-5,36;-2,08;3,4;0,71;3,16;2,96;0,7;-0,99;0
201003;7,39;6,57;10,67;6,63;7,95;6,31;4,78;7,2;8,48;4,73;4,42;0,01
201004;-0,78;-0,41;-4,99;-5,64;-1,37;2;0,62;0,33;-0,07;5,9;3,48;0,01
201005;-11,94;-10,99;-13,12;-13,8;-9,9;-7,89;-7,93;-7,34;-15,97;-9,35;-12,02;0,01
201006;-1,76;-1,98;-4,82;-1,83;-0,16;-5,57;-0,72;2,64;-3,26;3,11;-1,68;0,01
201007;11,4;12,81;13,23;14,43;9,72;6,93;2,96;6,2;12,46;8,16;7,86;0,01
201008;-7,05;-2,61;-4,43;-7,27;-5,59;-4,77;-2,45;1,64;-2,15;-0,38;-3,26;0,01
201009;14,03;9,43;16,94;12,69;13,62;9,54;4,65;12,88;14,12;8,2;9,98;0,01
201010;3,02;4,31;4,13;6,85;7,87;3,88;1,29;2,63;3,97;3,98;8,62;0,01
201011;-9,02;-5,04;-8,8;-15;-5,6;0,6;1,91;2,21;-3,03;-2,43;-3,89;0,01
201012;10,96;7,87;11,89;9,4;7,89;6,82;7,56;1,72;10,88;5,15;7,24;0,01
201101;4,14;1,84;3,88;8,85;3,16;1,99;0,4;1,62;-2,49;-0,53;0,37;0,01
201102;3,6;3,92;-3,36;2,41;2,92;3,49;4,79;-3,59;4,54;-4,74;-2,45;0,01
201103;2,27;-2,44;4,71;0,82;0,64;0,46;-8,71;1;1,96;4,19;2,79;0,01
201104;4,77;7,47;7,08;8,87;9,94;2,9;0,83;3,6;5,57;5,28;9,27;0
201105;-4,61;-2,49;-7,32;-5,74;-4,57;-1,27;-1,61;0,77;-4,75;-1,5;2,59;0
201106;-3,23;-3,09;-4,95;-2,72;1,05;-1,75;2,47;-3,29;-2,03;-1,1;-1,77;0
201107;-4,83;0,14;-9,67;-8,35;-3,47;-2,35;4;1,86;-0,51;4,5;5,27;0
201108;-10,25;-8,21;-6,02;-13,54;-15,57;-5,99;-7,44;-6,8;-4,98;-9,72;-3,98;0,01
201109;-10,07;-9,15;-15,05;-11,09;-12,58;-7,59;-0,52;-17,01;-15,49;-13,94;-10,38;0
201110;11,46;11,25;12,91;11,68;14,67;11,35;-1,22;11,95;16,73;10,32;5,72;0
201111;-5,9;-3;-5,57;-7,03;-4,32;-0,28;-3,76;-6,49;-5,69;-7,6;-4,9;0
201112;-0,49;-0,44;-7,83;-4,99;-6,11;0,74;1,23;0,88;-2,09;-1,89;-0,24;0
201201;4,49;4,72;9,25;6,21;10,18;5,05;4,31;8,78;9,47;13,1;7,22;0
201202;5,55;5,52;8,19;5,79;7,64;4,42;3,5;7,75;3,63;4,78;2,4;0
201203;1,79;-0,64;0,25;-1,21;1,22;3,11;1,45;-3,36;-2,42;0,27;3,29;0
201204;-3,49;1,17;-4,73;-6,5;-2,03;-0,85;-1,71;1,1;1,77;0,52;1,62;0
201205;-11,11;-11,91;-17,24;-14,7;-12,65;-6,19;-8,36;-9,44;-13,16;-10;-8,89;0,01
201206;7,29;6,43;3,9;11,65;3,65;3,89;4,73;3,15;5,41;5,78;4,27;0
201207;2,21;1,14;-0,23;-4,14;1,83;0,79;-1,78;2,25;6,28;6,84;4,58;0
201208;3,77;3,75;4,56;10,15;4,32;2,55;-0,6;2,34;0,44;0,71;2,76;0,01
201209;2,07;3,08;4,63;2,15;5,23;2,73;2,32;6,76;2,62;4,04;8,6;0,01
201210;2,91;1,05;2,6;3,45;2,28;-1,76;-1,87;1,82;2,98;-0,32;2,24;0,01
201211;4,79;1,13;3,34;1,63;2,35;0,78;1,66;2,99;0,61;1,46;0,93;0,01
201212;3,19;2,56;3,99;4,75;4,04;1,18;3,78;2,16;3,13;3,18;1,62;0,01
201301;7,39;3,6;7,53;8,84;6,06;5,57;3,81;6,91;5,31;3,3;5,55;0
201302;-5,04;-2,31;-1,07;-9,55;-3,65;1,29;2,94;-0,69;2,97;0,33;-0,32;0
201303;0,63;1;-2,05;-3,29;-1,68;4,03;5,74;-1;-0,3;0,73;3,99;0
201304;2,72;2,66;5,01;9,88;3,73;1,55;8,77;1,9;3,16;2,77;6,1;0
201305;3,41;0,67;0,43;2,74;3,52;2,8;-5,45;-0,37;-11,78;-3,92;-8,28;0
201306;-4,3;-5;-4,95;-8,81;-3,49;-1,2;0,86;-5,82;-7,23;-4,64;-4,18;0
201307;9,2;6,85;5,74;9,74;6,48;5,65;1,3;2,6;3,86;2,74;5,47;0
201308;-1,29;0,05;1,97;0,64;-1,93;-2,71;-2,49;-0,1;1,52;-5,03;-3,38;0
201309;6,11;5,58;12,68;6,54;7,62;3,77;8,82;5,62;7,31;7,02;11,84;0
201310;4,37;3,35;4;11,42;5,63;4,18;-0,27;2,45;5,33;1,22;3,42;0
201311;0,91;1,31;3,08;-0,78;3,6;3,13;1,02;0,74;-4,93;-1,75;-2,62;0
201312;2,51;3,14;1,44;0,8;2,65;2,81;0,81;1;-1,33;-0,45;0,37;0
201401;-4,85;-3,58;-5,91;0,14;-4,08;-3,32;-2,58;-4,23;-4,53;-5,16;1,82;0
201402;6,08;7,27;9,99;7,84;5,71;4,65;-0,52;4,63;6,94;3,35;4,64;0
201403;1,22;-3,36;-1,84;5,39;-0,92;0,43;-1,21;-1,98;4,12;2,88;5,66;0
201404;-1,07;3,18;3,13;1,07;0,82;-0,19;-2,25;0,68;1,39;3,83;0,59;0
201405;1,38;0,63;2,19;-1,33;1,8;2,06;3,83;2,94;0,86;2,02;-2;0
201406;1,13;0,67;0,33;-0,59;-0,36;2,61;5,71;0,61;-0,14;-0,05;1,47;0
201407;-4,86;-1,54;-2,12;-5,49;-6,68;-2,04;0,73;4,31;2,99;2,92;-1,6;0
201408;2,09;0,35;-1;-1,93;-1,16;4,24;-1,92;-0,96;1,22;-1,1;-0,58;0
201409;-1,63;-5,19;-3,49;-2,4;-4,46;-1,97;-1,07;-6,44;-11,17;-4,33;-5,12;0
201410;-1,91;-2,07;-0,86;-6,01;-1,55;2,52;-2,03;5,29;4,41;-1,47;1,91;0
201411;5;0,71;2,81;0,45;5,47;2,55;-0,03;0,53;-6,42;-0,1;1,82;0
201412;-3,7;-2,09;-4,38;-6,94;-3,37;-0,06;-0,77;-4,39;-2,25;-1,69;1,41;0
201501;0,25;-1,08;1,51;1,07;0,68;-3,11;2,77;3,97;-2,12;-0,46;-4,18;0
201502;6,88;6,32;4,95;7,67;5,73;6,13;5,32;-0,01;7,58;-0,36;5,92;0
201503;-0,37;-5,67;-1,99;0,07;0,15;-1,12;1,8;1,25;-3,07;-0,36;-2,37;0
201504;3,77;6,9;0,52;4,61;0,69;0,59;3,49;10,03;2,52;7,12;0,72;0
201505;1,94;1,01;-0,62;0,89;-1,22;1,36;0,76;0,92;-2,7;-4,04;-6,37;0
201506;-2,48;-2,87;-2,45;-2,57;-2,21;-1,53;-0,7;-4,85;-4,47;-2,26;-6,78;0
201507;2,66;1,52;3,17;4,14;1,09;1,54;0,84;-4,34;-1,31;-5,18;-0,27;0
201508;-6,19;-7,02;-6,27;-4,44;-5,77;-6,04;-5,27;-11,35;-9,64;-10,99;-6,91;0
201509;-3,63;-3,94;-3,44;-2,85;-5,61;-3,07;-6,06;-2,45;-3,73;-3,42;1,53;0
201510;7,54;6,76;7,76;4,01;8,43;7,75;9,17;7,69;6,3;8,59;12,7;0
201511;-0,39;-2,08;1,03;-2,19;0,09;0,56;-0,16;-3,54;0,62;-4,76;-1,18;0
201512;-2,52;-3,54;0,37;-1,96;-1,17;-2,17;0,47;0,79;3,43;0,19;7,85;0,01
201601;-3,38;-6,51;-2,85;-11,63;-8;-5,77;-7,68;-10,08;-7,89;-7,2;-7,31;0,01
201602;-1,78;-1,69;-4,25;-4,33;-2,58;-0,07;-1,73;1,61;-0,75;3,49;2,4;0,02
201603;8,33;5,25;7,75;8,18;9,72;6,96;5,18;8,56;12,3;10,29;13,16;0,02
201604;1;2,76;0,78;2,69;1,64;0,91;5,17;0,27;2,66;1,53;2,15;0,01
201605;0,96;-0,14;0,17;-2,53;-0,72;1,78;-1,26;-0,63;-2,16;-3,79;-0,49;0,01
201606;-6,21;-6,29;-1,22;-9,2;-5;-0,05;-2,41;-0,26;0,81;3,13;3,62;0,02
201607;4,75;3,68;6,76;4,28;6,49;3,95;6,66;5,19;8,35;1,22;7,01;0,02
201608;3,04;1,11;0,05;0,45;1,61;0,49;-1,21;1,46;-2,28;-1,37;1,76;0,02
201609;1,08;0,4;3,65;-1,71;0,74;0,25;2,7;3,19;2,4;1,11;0,09;0,02
201610;-2,33;-5,18;-4,35;1,27;-1,88;-2,02;1,48;0,01;-2,69;-2,96;-6,75;0,02
201611;-4;0,53;-3,07;-4,39;-4,48;4,86;-3,94;-0,22;-0,59;-0,59;-1,72;0,01
201612;3,77;3,43;4,47;11,5;6,29;1,81;1,37;-5,07;1,62;-1,45;-2,04;0,03
201701;2,72;1,95;0,86;-0,07;4,19;1,94;3,85;6,23;4,61;8,01;8,05;0,04
201702;2,86;1,55;1,05;0,01;-0,09;3,57;1,19;1,6;3,03;2,75;0,15;0,04
201703;5,14;2,54;4;9,38;4,23;0,17;0,93;3,03;2,8;2,36;-1,96;0,03
201704;5,4;3,11;7,42;3,96;4,11;1,09;1,17;2,41;-1,5;0,63;-0,24;0,05
201705;4,98;3,86;5,74;5,32;5,42;1,06;3;2,28;-3,21;2,15;4,37;0,06
201706;-1,07;-1,5;0,65;0,1;-0,73;0,78;1,13;-0,15;3,64;1,13;6,09;0,06
201707;6,83;3,01;2,62;7,82;2,96;1,87;2,42;2,01;4,39;3,93;4;0,07
201708;-0,65;-0,57;0,7;0,91;0,57;0,16;0,35;1,8;0,1;-0,14;-3,53;0,09
201709;1,74;3,01;1,16;3,49;4,73;2,51;1,71;1,11;-1,34;-1,04;2,06;0,09
201710;0,67;1,01;-0,97;-0,18;1,93;2,25;4,1;0,6;1,65;4,39;-2,84;0,09
201711;-1,22;0,08;0,13;0,32;1,17;3,12;2,69;1,57;0,72;1,62;0,57;0,08
201712;1,59;4,63;0,77;-0,41;0,39;1,06;1,34;1,69;5,24;0,95;6,77;0,09
201801;5,95;3,33;6,19;10,04;5,82;5,57;4,61;4,25;2,92;6,11;4,5;0,12
201802;-4,85;-6,05;0,8;-6,06;-6,35;-3,65;-1,3;-2,77;-3,64;-2,88;-3,47;0,11
201803;-0,09;0,04;-0,83;0,75;-0,79;-2,35;-1,36;-2,49;-4,5;-0,97;0,54;0,11
201804;1,16;4,32;3,97;4,52;1,07;0,28;0,4;2,57;1,31;2,65;-0,92;0,14
201805;-1,86;-0,83;-1,5;-9,4;-2,55;2,65;-1,11;0,76;1,87;-4,12;2,46;0,14
201806;0,11;-0,86;-1,31;0,17;-3,27;0,48;-2,35;-5,21;0,57;-6,26;0,21;0,14
201807;2,66;0,57;0,85;3,06;3,83;3,19;0,03;1,39;1,64;1,32;0,4;0,16
201808;-1,84;-4,06;1,34;-7,96;-2,53;3,44;-0,27;-2,83;-1,69;-1,99;1,64;0,16
201809;-2,93;1,74;-0,82;2,49;-1,77;0,06;2,89;-1,53;-0,52;1,22;0,53;0,15
201810;-7,54;-7,26;-9,63;-10,41;-8,5;-7,68;-8,48;-10,27;-8,38;-7,36;-7,81;0,19
201811;1,72;-2,03;-3,97;-0,05;-1,51;1,69;1,05;6,32;1,26;2,37;6,54;0,18
201812;-5,85;-3,86;-1,3;-2,66;-5,31;-9,57;-6,93;-0,78;-4,02;-1,14;-2,44;0,2
201901;6,66;7,42;7,93;7,66;5,85;8,4;5,35;6,12;7,27;6,26;4,61;0,21
201902;4,75;3,44;1,82;3,13;1,41;3,4;0,44;4,74;3,32;0,13;1,69;0,18
201903;1,39;1,08;0,35;1,84;-1,14;1,1;0,35;1,11;1,08;0,8;5,76;0,19
201904;5,71;2,68;1,35;2,24;6,55;3,97;1,39;1,12;1,4;4,41;-0,66;0,21
201905;-5,41;-6,01;-4,37;-6,91;-5,97;-6,94;-3,31;-6,78;0,11;-6,63;-0,92;0,21
201906;5,94;3,96;6,1;8,44;6,37;6,93;2,63;4,82;4,84;8,31;7,31;0,18
201907;0,17;-2,72;-2,8;-1,65;-3,91;1,19;0,66;-3,15;0,2;-1,29;0,32;0,19
201908;-1,13;-4,01;-2,58;-1,66;-2,01;-2,58;-0,95;-8,76;-3,63;-5,19;-4,21;0,16
201909;2,41;4,18;3,02;2,79;2,02;1,43;3,97;0;2,45;0,9;1,15;0,18
201910;1,54;3,71;2,86;4,12;5,75;2,06;4,95;4,03;1,69;4,58;1,16;0,16
201911;2,27;2,25;-1,17;2,07;1,94;3,87;0,67;-1,59;0,97;-0,04;4,06;0,12
201912;3,25;5,93;4,8;1,71;2,56;2,77;2,14;3,93;1,72;3,14;7,14;0,14
202001;-1,97;-3,6;1,71;-2,18;-3,36;-0,11;-1,79;-5,49;-0,25;-3;-2,5;0,13
202002;-7,21;-11,98;-7,31;-6,3;-7,71;-8,13;-9,94;-1,59;-10,76;-6,36;-8,89;0,12
202003;-11,95;-18,49;-14,99;-21,35;-15,39;-13,39;-5,48;-13,03;-25,8;-20,24;-17,87;0,13
202004;7,89;7;10,26;3,71;9,97;13,65;4,86;6,7;16,67;9,95;11,88;0
202005;7,61;1,53;9,25;5,67;9,01;5,58;6,48;-6,99;7,69;1,47;4,62;0,01
202006;7,93;2,03;0,94;6,41;5,95;2,46;-0,25;8,62;6,25;6,17;9,07;0,01
202007;4,04;1,9;9,33;3,9;4,19;5,77;-1,9;-0,28;4,72;2,16;5,52;0,01
202008;3,22;4,9;8;3,75;6,54;7,63;7,77;6,31;7,38;4,06;4,04;0,01
202009;-2,04;-5,03;-1,75;-4,12;-2,84;-3,63;2,13;-4,56;-5,92;-1,89;-2,65;0,01
202010;-0,92;-3,77;-4,93;-6,89;-7,61;-2,1;-2,05;-0,57;0,2;-1,63;2,83;0,01
202011;14,53;16,38;14,2;24;15,64;12,47;10,81;11,16;15,1;15,2;12,48;0,01
202012;5,78;7,05;4,83;4,05;6,12;4,63;4,05;3,34;6,99;3,84;6,87;0,01
202101;1,84;-0,37;1,41;-3,71;-0,1;-0,03;-1,16;1,74;-0,31;2,84;-0,05;0,01
202102;3,41;4,29;-0,62;5,71;1,78;2,78;1,2;6,56;2,82;3,02;-5,86;0
202103;3,03;2,43;-0,6;4,59;4,28;3,08;1,42;1,8;0,31;2,7;-0,92;0
202104;4,81;4,59;7,7;1,94;4,35;4,93;-1,47;2,44;5,54;5,11;3,8;0
202105;1,92;3,92;3,55;6,9;4,28;0,29;0,85;1,47;2,25;-0,18;-1,16;0
202106;-1,35;-2,8;-1,14;-2,79;-1,69;2,75;0,12;-0,5;-0,66;-0,93;-1,9;0
202107;2,41;1,15;5,4;1,33;1,33;1,27;-1,03;-4,61;-1,02;0,46;-0,51;0
202108;5,27;1,37;0,47;2;1,7;2,91;2,71;-1,03;2,02;3,19;5,38;0
202109;-7,08;-3,25;-9,49;-3,42;-5,67;-4,37;2,86;-6,76;-2,68;-1,5;-1,85;0
202110;5,94;3,18;1,87;4,91;1,73;6,65;-3,77;2,92;4,3;4,66;2,99;0
202111;-5,47;-5;-4,46;-5,12;-4,39;-1,55;-2,94;-4,19;-5,43;-7,46;-7,6;0
202112;3,46;6,35;5,45;5,61;3,28;3,1;1,34;0,81;4,81;-1,38;2,7;0,01
202201;-9,33;-1,61;-6,74;-3,71;-5,21;-6,25;-5,24;0,69;-9,04;-5,07;-12;0
202202;-6,63;-1,19;-8,46;-4,9;-7,23;-2,29;-0,36;-1,45;4,27;-0,04;3,73;0
202203;-2,32;-0,92;0,57;-2,22;-1,83;3,05;-1,48;-1,57;10,1;1,61;3,87;0,01
202204;-8,4;-4,43;-5,06;-6,05;-7,78;-9,46;-8,48;-3,78;-5,97;-4,49;-8,28;0,01
202205;1,11;0,32;1,77;4,04;5,12;-0,34;1,31;2,23;-2,04;-2,2;-3,84;0,03
202206;-7,73;-9,14;-8,92;-13,8;-13,98;-8,43;-6,78;0,4;-13,17;-5,83;-7,82;0,06
202207;8,12;4,41;3,63;2,2;3,33;9,57;5,73;-2,5;7,92;4,06;6,08;0,08
202208;-8,77;-6,69;-4;-5,44;-7,07;-3,77;-2,94;-2,48;-0,69;-0,74;-1,91;0,19
202209;-9,88;-9,84;-9,23;-7,12;-11,55;-9,35;-9,07;-9,42;-12,62;-6,57;-12,68;0,19
202210;3,44;5,61;4,78;10,36;9,17;7,83;2,09;-11,33;5,65;-0,93;5,87;0,23
202211;19,17;13,01;12,74;14,19;15,19;4,6;10,43;19,6;12,38;10,74;9,58;0,29
202212;-1,58;-1,11;0,03;-0,58;-1,53;-6,41;0,54;8,44;-3;0,22;0,28;0,33